{"stats":{"minecraft:picked_up":{"minecraft:golden_pickaxe":2,"minecraft:wooden_pickaxe":1,"minecraft:gold_block":2,"minecraft:shield":2,"minecraft:string":3,"minecraft:cobbled_deepslate":117,"minecraft:oak_boat":7,"minecraft:iron_pickaxe":2,"minecraft:sugar_cane":21,"minecraft:chest":1,"minecraft:mangrove_log":2,"minecraft:furnace":5,"minecraft:egg":1,"minecraft:raw_iron":86,"minecraft:stick":34,"minecraft:torch":10,"minecraft:fire_charge":4,"minecraft:diorite":59,"minecraft:arrow":8,"minecraft:rotten_flesh":22,"minecraft:gold_ingot":20,"minecraft:obsidian":8,"minecraft:white_wool":12,"minecraft:cobblestone":335,"minecraft:stripped_oak_log":1,"minecraft:birch_log":7,"minecraft:magma_block":57,"minecraft:cooked_beef":1,"minecraft:andesite":12,"minecraft:jungle_log":6,"minecraft:water_bucket":2,"minecraft:salmon":4,"minecraft:leather":6,"minecraft:tuff":2,"minecraft:oak_log":80,"minecraft:gunpowder":4,"minecraft:lapis_lazuli":259,"minecraft:dirt":60,"minecraft:cooked_mutton":27,"minecraft:bone":12,"minecraft:apple":5,"minecraft:kelp":15,"minecraft:wheat_seeds":4,"minecraft:raw_gold":19,"minecraft:iron_ingot":3,"minecraft:stone_pickaxe":2,"minecraft:oak_planks":43,"minecraft:cooked_porkchop":34,"minecraft:lava_bucket":5,"minecraft:gravel":24,"minecraft:white_bed":2,"minecraft:spruce_log":1,"minecraft:spider_eye":2,"minecraft:diamond":39,"minecraft:campfire":4,"minecraft:granite":17,"minecraft:golden_apple":2,"minecraft:golden_horse_armor":2,"minecraft:bread":1,"minecraft:oak_sapling":26,"minecraft:coal":121},"minecraft:custom":{"minecraft:mob_kills":37,"minecraft:interact_with_crafting_table":38,"minecraft:leave_game":1,"minecraft:time_since_death":34380,"minecraft:sprint_one_cm":304016,"minecraft:walk_one_cm":109203,"minecraft:damage_blocked_by_shield":2730,"minecraft:drop":24,"minecraft:play_time":117440,"minecraft:deaths":7,"minecraft:sneak_time":8552,"minecraft:walk_under_water_one_cm":19861,"minecraft:boat_one_cm":107715,"minecraft:jump":2053,"minecraft:walk_on_water_one_cm":21557,"minecraft:total_world_time":117440,"minecraft:interact_with_furnace":37,"minecraft:sleep_in_bed":2,"minecraft:time_since_rest":34403,"minecraft:damage_taken":3463,"minecraft:damage_absorbed":40,"minecraft:damage_dealt":5221,"minecraft:fly_one_cm":396462,"minecraft:swim_one_cm":87181,"minecraft:open_chest":2,"minecraft:crouch_one_cm":17251,"minecraft:interact_with_smoker":2,"minecraft:fall_one_cm":56632},"minecraft:used":{"minecraft:stone_sword":68,"minecraft:dried_kelp":3,"minecraft:shield":57,"minecraft:rotten_flesh":13,"minecraft:torch":45,"minecraft:dirt":8,"minecraft:granite":2,"minecraft:milk_bucket":1,"minecraft:wooden_axe":1,"minecraft:lava_bucket":69,"minecraft:furnace":5,"minecraft:egg":1,"minecraft:cooked_beef":1,"minecraft:cooked_mutton":4,"minecraft:water_bucket":6,"minecraft:diorite":22,"minecraft:stone_pickaxe":519,"minecraft:oak_planks":5,"minecraft:wooden_pickaxe":25,"minecraft:salmon":1,"minecraft:golden_apple":1,"minecraft:crafting_table":10,"minecraft:white_bed":3,"minecraft:apple":1,"minecraft:bread":1,"minecraft:iron_pickaxe":199,"minecraft:gravel":3,"minecraft:stone_axe":118,"minecraft:fire_charge":2,"minecraft:cobblestone":14,"minecraft:cooked_porkchop":10,"minecraft:andesite":4,"minecraft:bucket":77,"minecraft:oak_boat":5,"minecraft:golden_pickaxe":30},"minecraft:broken":{"minecraft:stone_pickaxe":3,"minecraft:golden_pickaxe":1},"minecraft:killed_by":{"minecraft:creeper":2,"minecraft:skeleton":3},"minecraft:mined":{"minecraft:diamond_ore":12,"minecraft:tuff":2,"minecraft:white_bed":2,"minecraft:deepslate_diamond_ore":27,"minecraft:granite":17,"minecraft:jungle_log":6,"minecraft:magma_block":19,"minecraft:furnace":3,"minecraft:iron_ore":80,"minecraft:fire":18,"minecraft:andesite":13,"minecraft:gold_block":2,"minecraft:vine":2,"minecraft:stripped_oak_log":1,"minecraft:stone":294,"minecraft:kelp_plant":1,"minecraft:chest":1,"minecraft:deepslate_gold_ore":10,"minecraft:lapis_ore":23,"minecraft:sugar_cane":3,"minecraft:diorite":60,"minecraft:wall_torch":1,"minecraft:birch_log":6,"minecraft:birch_leaves":3,"minecraft:grass":3,"minecraft:oak_log":77,"minecraft:coal_ore":79,"minecraft:gravel":3,"minecraft:dirt":1,"minecraft:gold_ore":9,"minecraft:oak_leaves":24,"minecraft:deepslate":117},"minecraft:crafted":{"minecraft:oak_planks":96,"minecraft:furnace":4,"minecraft:stone":3,"minecraft:stone_pickaxe":10,"minecraft:crafting_table":10,"minecraft:spruce_planks":4,"minecraft:dried_kelp":3,"minecraft:wooden_pickaxe":2,"minecraft:bucket":2,"minecraft:birch_planks":28,"minecraft:campfire":2,"minecraft:stone_axe":2,"minecraft:air":0,"minecraft:oak_boat":1,"minecraft:iron_chestplate":1,"minecraft:golden_apple":1,"minecraft:shield":4,"minecraft:stick":92,"minecraft:iron_ingot":25,"minecraft:iron_pickaxe":2,"minecraft:stone_sword":3,"minecraft:gold_ingot":18,"minecraft:white_bed":1,"minecraft:torch":104},"minecraft:dropped":{"minecraft:wheat_seeds":4,"minecraft:coal":24,"minecraft:bone":5,"minecraft:stone_axe":1,"minecraft:stone_sword":1,"minecraft:rotten_flesh":5,"minecraft:cooked_mutton":2,"minecraft:gunpowder":1,"minecraft:spider_eye":1,"minecraft:wooden_pickaxe":2,"minecraft:stone_pickaxe":1},"minecraft:killed":{"minecraft:spider":3,"minecraft:skeleton":6,"minecraft:pig":8,"minecraft:creeper":2,"minecraft:sheep":5,"minecraft:zombie":10}},"DataVersion":3120}