{"stats":{"minecraft:picked_up":{"minecraft:crafting_table":4,"minecraft:magma_block":19,"minecraft:feather":1,"minecraft:chicken":1,"minecraft:water_bucket":1,"minecraft:leather":2,"minecraft:flint":1,"minecraft:oak_log":26,"minecraft:shield":1,"minecraft:lapis_lazuli":56,"minecraft:string":1,"minecraft:dirt":22,"minecraft:iron_axe":1,"minecraft:cooked_mutton":5,"minecraft:bone":3,"minecraft:kelp":5,"minecraft:cobbled_deepslate":3,"minecraft:raw_gold":5,"minecraft:iron_ingot":1,"minecraft:oak_boat":1,"minecraft:iron_pickaxe":1,"minecraft:sugar_cane":7,"minecraft:oak_planks":4,"minecraft:furnace":3,"minecraft:stick":15,"minecraft:raw_iron":45,"minecraft:cooked_porkchop":7,"minecraft:torch":92,"minecraft:warped_wart_block":1,"minecraft:gravel":7,"minecraft:lava_bucket":1,"minecraft:porkchop":5,"minecraft:diorite":42,"minecraft:stone_sword":1,"minecraft:arrow":7,"minecraft:rotten_flesh":2,"minecraft:diamond":6,"minecraft:campfire":2,"minecraft:granite":4,"minecraft:golden_horse_armor":1,"minecraft:gold_ingot":10,"minecraft:netherrack":1,"minecraft:obsidian":4,"minecraft:coal":73,"minecraft:white_wool":3,"minecraft:cobblestone":262},"minecraft:custom":{"minecraft:interact_with_furnace":41,"minecraft:mob_kills":12,"minecraft:interact_with_crafting_table":24,"minecraft:leave_game":2,"minecraft:time_since_death":48511,"minecraft:time_since_rest":48511,"minecraft:sprint_one_cm":92904,"minecraft:damage_taken":634,"minecraft:walk_one_cm":108795,"minecraft:damage_blocked_by_shield":405,"minecraft:drop":14,"minecraft:damage_dealt":2300,"minecraft:swim_one_cm":3558,"minecraft:fly_one_cm":80946,"minecraft:crouch_one_cm":7430,"minecraft:play_time":48511,"minecraft:sneak_time":3361,"minecraft:walk_under_water_one_cm":2600,"minecraft:boat_one_cm":1749,"minecraft:jump":803,"minecraft:walk_on_water_one_cm":6644,"minecraft:total_world_time":48511,"minecraft:fall_one_cm":19155},"minecraft:used":{"minecraft:cooked_mutton":5,"minecraft:water_bucket":12,"minecraft:flint_and_steel":1,"minecraft:dried_kelp":3,"minecraft:stone_pickaxe":50,"minecraft:shield":10,"minecraft:wooden_pickaxe":10,"minecraft:netherrack":1,"minecraft:iron_chestplate":1,"minecraft:torch":112,"minecraft:warped_wart_block":1,"minecraft:crafting_table":5,"minecraft:granite":4,"minecraft:lava_bucket":12,"minecraft:iron_axe":29,"minecraft:iron_pickaxe":197,"minecraft:golden_helmet":1,"minecraft:stone_axe":23,"minecraft:cobblestone":153,"minecraft:furnace":4,"minecraft:cooked_porkchop":4,"minecraft:bucket":23,"minecraft:oak_boat":1,"minecraft:iron_leggings":1},"minecraft:mined":{"minecraft:deepslate_diamond_ore":3,"minecraft:crafting_table":5,"minecraft:torch":5,"minecraft:granite":4,"minecraft:cobblestone":25,"minecraft:diorite":22,"minecraft:wall_torch":1,"minecraft:warped_wart_block":1,"minecraft:furnace":2,"minecraft:iron_ore":16,"minecraft:birch_leaves":4,"minecraft:grass":7,"minecraft:oak_log":26,"minecraft:coal_ore":17,"minecraft:deepslate_iron_ore":13,"minecraft:gravel":1,"minecraft:stone":141,"minecraft:netherrack":1,"minecraft:oak_leaves":5,"minecraft:deepslate":13},"minecraft:crafted":{"minecraft:oak_planks":40,"minecraft:cooked_porkchop":5,"minecraft:crafting_table":1,"minecraft:dried_kelp":3,"minecraft:wooden_pickaxe":1,"minecraft:furnace":1,"minecraft:stone_axe":1,"minecraft:air":0,"minecraft:flint_and_steel":1,"minecraft:oak_boat":1,"minecraft:iron_chestplate":1,"minecraft:iron_axe":1,"minecraft:stick":32,"minecraft:iron_ingot":27,"minecraft:iron_pickaxe":2,"minecraft:stone_pickaxe":1,"minecraft:iron_leggings":1,"minecraft:white_bed":1,"minecraft:torch":52,"minecraft:golden_helmet":1},"minecraft:dropped":{"minecraft:gravel":7,"minecraft:stone_axe":1,"minecraft:kelp":5,"minecraft:stone_sword":1,"minecraft:chicken":1,"minecraft:feather":1,"minecraft:rotten_flesh":2,"minecraft:diorite":20,"minecraft:torch":1,"minecraft:iron_axe":1,"minecraft:stone_pickaxe":1,"minecraft:wooden_pickaxe":1,"minecraft:string":1},"minecraft:killed":{"minecraft:pig":3,"minecraft:skeleton":2,"minecraft:zombie":6,"minecraft:chicken":1}},"DataVersion":3120}