{"stats":{"minecraft:picked_up":{"minecraft:birch_log":75,"minecraft:magma_block":4,"minecraft:crafting_table":6,"minecraft:feather":8,"minecraft:chicken":2,"minecraft:salmon":3,"minecraft:wooden_pickaxe":3,"minecraft:birch_planks":12,"minecraft:oak_log":161,"minecraft:gunpowder":2,"minecraft:lapis_lazuli":19,"minecraft:dirt":1,"minecraft:cooked_mutton":1,"minecraft:bone":8,"minecraft:kelp":423,"minecraft:bow":1,"minecraft:wheat_seeds":2,"minecraft:iron_ingot":7,"minecraft:stone_pickaxe":6,"minecraft:sugar_cane":15,"minecraft:birch_sapling":16,"minecraft:oak_planks":36,"minecraft:mangrove_log":4,"minecraft:furnace":6,"minecraft:stick":35,"minecraft:raw_iron":68,"minecraft:cooked_porkchop":3,"minecraft:oak_door":14,"minecraft:torch":24,"minecraft:gravel":2,"minecraft:lava_bucket":1,"minecraft:porkchop":1,"minecraft:dried_kelp":9,"minecraft:diorite":1,"minecraft:spider_eye":7,"minecraft:stone_sword":1,"minecraft:arrow":6,"minecraft:rotten_flesh":7,"minecraft:stone_axe":3,"minecraft:granite":25,"minecraft:oak_sapling":49,"minecraft:coal":288,"minecraft:cobblestone":172},"minecraft:used":{"minecraft:stone_sword":18,"minecraft:stone_pickaxe":291,"minecraft:dried_kelp":49,"minecraft:wooden_pickaxe":25,"minecraft:cooked_salmon":1,"minecraft:cooked_chicken":2,"minecraft:rotten_flesh":7,"minecraft:salmon":2,"minecraft:iron_chestplate":1,"minecraft:oak_door":17,"minecraft:torch":10,"minecraft:crafting_table":6,"minecraft:smoker":1,"minecraft:iron_pickaxe":26,"minecraft:iron_helmet":1,"minecraft:iron_boots":1,"minecraft:stone_axe":165,"minecraft:magma_block":3,"minecraft:cobblestone":13,"minecraft:bow":3,"minecraft:furnace":6,"minecraft:cooked_porkchop":2,"minecraft:bucket":1,"minecraft:iron_leggings":1},"minecraft:custom":{"minecraft:interact_with_furnace":50,"minecraft:mob_kills":13,"minecraft:interact_with_crafting_table":22,"minecraft:leave_game":1,"minecraft:time_since_death":75355,"minecraft:time_since_rest":75675,"minecraft:sprint_one_cm":53305,"minecraft:damage_taken":1562,"minecraft:walk_one_cm":150637,"minecraft:drop":36,"minecraft:damage_dealt":1453,"minecraft:swim_one_cm":265718,"minecraft:fly_one_cm":80174,"minecraft:crouch_one_cm":7,"minecraft:play_time":119430,"minecraft:deaths":2,"minecraft:sneak_time":5126,"minecraft:walk_under_water_one_cm":48919,"minecraft:jump":985,"minecraft:walk_on_water_one_cm":33271,"minecraft:interact_with_smoker":13,"minecraft:total_world_time":120597,"minecraft:fall_one_cm":22888},"minecraft:broken":{"minecraft:stone_pickaxe":1,"minecraft:stone_axe":1},"minecraft:killed_by":{"minecraft:drowned":1},"minecraft:mined":{"minecraft:kelp_plant":26,"minecraft:oak_door":14,"minecraft:crafting_table":6,"minecraft:torch":7,"minecraft:granite":8,"minecraft:grass_block":1,"minecraft:lapis_ore":3,"minecraft:sugar_cane":5,"minecraft:kelp":10,"minecraft:wall_torch":3,"minecraft:seagrass":3,"minecraft:tall_seagrass":4,"minecraft:magma_block":4,"minecraft:furnace":6,"minecraft:birch_log":59,"minecraft:iron_ore":68,"minecraft:birch_leaves":6,"minecraft:grass":1,"minecraft:coal_ore":107,"minecraft:oak_log":83,"minecraft:gravel":2,"minecraft:stone":101,"minecraft:oak_leaves":11},"minecraft:crafted":{"minecraft:oak_door":2,"minecraft:oak_planks":20,"minecraft:cooked_porkchop":1,"minecraft:crafting_table":2,"minecraft:iron_helmet":1,"minecraft:dried_kelp":109,"minecraft:wooden_pickaxe":1,"minecraft:cooked_chicken":2,"minecraft:iron_sword":1,"minecraft:furnace":1,"minecraft:cooked_salmon":1,"minecraft:bucket":1,"minecraft:birch_planks":8,"minecraft:stone_axe":2,"minecraft:air":0,"minecraft:iron_chestplate":1,"minecraft:iron_boots":1,"minecraft:stick":8,"minecraft:iron_ingot":58,"minecraft:iron_pickaxe":1,"minecraft:stone_pickaxe":3,"minecraft:stone_sword":1,"minecraft:iron_leggings":1,"minecraft:shears":1,"minecraft:smoker":1},"minecraft:dropped":{"minecraft:gravel":2,"minecraft:iron_ingot":8,"minecraft:stone_axe":1,"minecraft:feather":8,"minecraft:cobblestone":61,"minecraft:granite":25,"minecraft:cooked_mutton":1,"minecraft:coal":32,"minecraft:lava_bucket":1,"minecraft:dirt":1,"minecraft:gunpowder":2,"minecraft:diorite":1,"minecraft:spider_eye":6,"minecraft:stone_pickaxe":1},"minecraft:killed":{"minecraft:pig":1,"minecraft:salmon":4,"minecraft:spider":1,"minecraft:creeper":1,"minecraft:skeleton":1,"minecraft:zombie":1,"minecraft:chicken":1,"minecraft:drowned":3}},"DataVersion":3120}